UFID,SCLS,FMTA,OBJECTID_1,OBJECTID,BASE_YEAR,ADM_CD,ADM_NM,Shape_Area,GU_CODE,GU_NAME,POP
100037612007E00312875890709eb4d6a,E0032111,S2115489,"263",263.00000000000,"2016","1117054",구로3동,1039352.26950000005,"11530",구로구,"26579"
100037612007E00312875890709eb4d6a,E0032111,S2115489,"264",264.00000000000,"2016","1117055",구로4동,524123.43186700001,"11530",구로구,"26721"
100037612007E00312875890709eb4d6a,E0032111,S2115489,"265",265.00000000000,"2016","1117056",구로5동,1011733.38335000002,"11530",구로구,"33800"
100037612007E00312875890709eb4d6a,E0032111,S2115489,"298",298.00000000000,"2016","1119071",대림2동,572120.04642599996,"11560",영등포구,"22177"
100037612007E00312875890709eb4d6a,E0032111,S2115489,"299",299.00000000000,"2016","1119072",대림3동,921021.17833799997,"11560",영등포구,"29244"
100037612007E00312875890709eb4d6a,E0032111,S2115489,"314",314.00000000000,"2016","1120069",신대방1동,674784.50396000000,"11590",동작구,"26841"
100037612007E00312875890709eb4d6a,E0032111,S2115489,"315",315.00000000000,"2016","1120070",신대방2동,980256.90458400000,"11590",동작구,"20840"
100037612007E00312875890709eb4d6a,E0032111,S2115489,"326",326.00000000000,"2016","1121064",서원동,647062.09153700003,"11620",관악구,"24147"
100037612007E00312875890709eb4d6a,E0032111,S2115489,"327",327.00000000000,"2016","1121065",신원동,544575.03955999995,"11620",관악구,"20077"
100037612007E00312875890709eb4d6a,E0032111,S2115489,"328",328.00000000000,"2016","1121066",서림동,940546.69252899999,"11620",관악구,"24721"
100037612007E00312875890709eb4d6a,E0032111,S2115489,"329",329.00000000000,"2016","1121068",신사동,640641.33514600003,"11620",관악구,"26356"
100037612007E00312875890709eb4d6a,E0032111,S2115489,"330",330.00000000000,"2016","1121069",신림동,536815.22107500001,"11620",관악구,"22682"
100037612007E00312875890709eb4d6a,E0032111,S2115489,"332",332.00000000000,"2016","1121072",조원동,666117.27305199997,"11620",관악구,"19676"
100037612007E00312875890709eb4d6a,E0032111,S2115489,"333",333.00000000000,"2016","1121073",대학동,8398948.57289000042,"11620",관악구,"24741"
100037612007E00312875890709eb4d6a,E0032111,S2115489,"338",338.00000000000,"2016","1121082",삼성동,2602463.75145999994,"11620",관악구,"25696"
100037612018E003153da276bf25243d9,E0032111,S2114959,"333",333.00000000000,"2016","1121073",대학동,8398948.57289000042,"11620",관악구,"24741"
100037612026E0031ac66bf0667304839,E0032111,S2112183,"281",281.00000000000,"2016","1118057",시흥1동,1522798.84878999996,"11545",금천구,"37144"
100037612026E0031ac66bf0667304839,E0032111,S2112183,"283",283.00000000000,"2016","1118059",시흥3동,1260660.49756999989,"11545",금천구,"11648"
100037612004E00316c6fd041cc66429a,E0032111,S2111938,"271",271.00000000000,"2016","1117068",오류2동,4504714.23794000037,"11530",구로구,"49302"
100037709001E0031a3762358dcf74c61,E0032111,S2111379,"353",353.00000000000,"2016","1122064",방배3동,2373349.17644000007,"11650",서초구,"22578"
100037709001E00310ecaf669437d400e,E0032111,S2113763,"353",353.00000000000,"2016","1122064",방배3동,2373349.17644000007,"11650",서초구,"22578"
100037608060E00316ae0e3dda3fa4280,E0032111,S2116992,"117",117.00000000000,"2016","1108064",정릉3동,3324279.88791000005,"11290",성북구,"17310"
100037608070E0031f019f138e5e44083,E0032111,S2119407,"7",7.00000000000,"2016","1101060",가회동,539550.61486500001,"11110",종로구,"4472"
100037608060E0031dfe5867ede0544b7,E0032111,S2112635,"117",117.00000000000,"2016","1108064",정릉3동,3324279.88791000005,"11290",성북구,"17310"
100037608100E00316623abbc3cda4dd4,E0032111,S2115864,"347",347.00000000000,"2016","1122058",반포2동,1394982.85125000007,"11650",서초구,"16424"
100037705073E0031e9271a9e9cab4dd4,E0032111,S2118533,"62",62.00000000000,"2016","1104070",용답동,2375333.52698000008,"11200",성동구,"13980"
100037612019E0031680897d0e7df48b4,E0032111,S2115433,"322",322.00000000000,"2016","1121058",낙성대동,2261134.36445999984,"11620",관악구,"17806"
100037612019E00314c30d0e1c2064106,E0032111,S2117189,"324",324.00000000000,"2016","1121062",인헌동,1088265.90537999989,"11620",관악구,"27297"
100037612018E0031a66bb961543f41e6,E0032111,S2115717,"338",338.00000000000,"2016","1121082",삼성동,2602463.75145999994,"11620",관악구,"25696"
100037612020E00318e1c41d64f164e1b,E0032111,S2115717,"325",325.00000000000,"2016","1121063",남현동,3278571.57096999977,"11620",관악구,"19107"
100037612009E0031a496bc6d101644aa,E0032111,S2115717,"318",318.00000000000,"2016","1120073",사당2동,2761137.80009000003,"11590",동작구,"28575"
100037612018E003137cd368dd9cd4ac1,E0032111,S2115717,"338",338.00000000000,"2016","1121082",삼성동,2602463.75145999994,"11620",관악구,"25696"
100037612020E00314e2c087d697f442b,E0032111,S2115717,"325",325.00000000000,"2016","1121063",남현동,3278571.57096999977,"11620",관악구,"19107"
100037612018E00314371629856464688,E0032111,S2115717,"338",338.00000000000,"2016","1121082",삼성동,2602463.75145999994,"11620",관악구,"25696"
100037612018E0031ea11f4efbac0481d,E0032111,S2115717,"338",338.00000000000,"2016","1121082",삼성동,2602463.75145999994,"11620",관악구,"25696"
100037612019E003124245eb6027c4436,E0032111,S2115717,"325",325.00000000000,"2016","1121063",남현동,3278571.57096999977,"11620",관악구,"19107"
100037612019E0031e61929625bf347fc,E0032111,S2115717,"324",324.00000000000,"2016","1121062",인헌동,1088265.90537999989,"11620",관악구,"27297"
100037612019E00318e720f106a474ad4,E0032111,S2115717,"322",322.00000000000,"2016","1121058",낙성대동,2261134.36445999984,"11620",관악구,"17806"
100037612019E00317771160f096b4036,E0032111,S2115717,"333",333.00000000000,"2016","1121073",대학동,8398948.57289000042,"11620",관악구,"24741"
100037612019E003120ce9eca89634ec3,E0032111,S2115717,"322",322.00000000000,"2016","1121058",낙성대동,2261134.36445999984,"11620",관악구,"17806"
100037612019E0031b7eb701622cc41e1,E0032111,S2115717,"333",333.00000000000,"2016","1121073",대학동,8398948.57289000042,"11620",관악구,"24741"
100037612020E0031cf9152de3faf4eab,E0032111,S2118946,"325",325.00000000000,"2016","1121063",남현동,3278571.57096999977,"11620",관악구,"19107"
100037612020E00318b4b3d54404e4c10,E0032111,S2118946,"325",325.00000000000,"2016","1121063",남현동,3278571.57096999977,"11620",관악구,"19107"
100037612020E00312fbfd0cff4d64ace,E0032111,S2118946,"325",325.00000000000,"2016","1121063",남현동,3278571.57096999977,"11620",관악구,"19107"
100037612005E0031ba9d00872d35454a,E0032111,S2113176,"268",268.00000000000,"2016","1117064",개봉2동,781957.44478699996,"11530",구로구,"33561"
100037612003E003162e3dfc0f3d44c19,E0032111,S2113176,"271",271.00000000000,"2016","1117068",오류2동,4504714.23794000037,"11530",구로구,"49302"
100037612004E00311f1fe4b003784330,E0032111,S2113176,"270",270.00000000000,"2016","1117067",오류1동,727301.61460099998,"11530",구로구,"22696"
100037612004E0031f25f33fbe7804a2e,E0032111,S2113176,"269",269.00000000000,"2016","1117065",개봉3동,827818.60974400002,"11530",구로구,"22184"
100037612020E00314bc60526389f4fe0,E0032111,S2111703,"352",352.00000000000,"2016","1122063",방배2동,1902603.53104000003,"11650",서초구,"21342"
100037612020E00310f9ff510dedc4d4b,E0032111,S2111703,"352",352.00000000000,"2016","1122063",방배2동,1902603.53104000003,"11650",서초구,"21342"
100037612020E00310b89516bc91d46d3,E0032111,S2111703,"353",353.00000000000,"2016","1122064",방배3동,2373349.17644000007,"11650",서초구,"22578"
100037612020E00318c8b169662694899,E0032111,S2111703,"352",352.00000000000,"2016","1122063",방배2동,1902603.53104000003,"11650",서초구,"21342"
100037612020E0031e70517dbe58d431d,E0032111,S2111703,"353",353.00000000000,"2016","1122064",방배3동,2373349.17644000007,"11650",서초구,"22578"
100037612010E0031c7c7c0832d614b97,E0032111,S2111703,"318",318.00000000000,"2016","1120073",사당2동,2761137.80009000003,"11590",동작구,"28575"
100037612010E0031c7c7c0832d614b97,E0032111,S2111703,"345",345.00000000000,"2016","1122056",반포본동,971806.64388600003,"11650",서초구,"12329"
100037612010E0031c7c7c0832d614b97,E0032111,S2111703,"347",347.00000000000,"2016","1122058",반포2동,1394982.85125000007,"11650",서초구,"16424"
100037612010E0031c7c7c0832d614b97,E0032111,S2111703,"350",350.00000000000,"2016","1122061",방배본동,677002.37038600002,"11650",서초구,"21562"
100037612026E0031b27dc010430f4166,E0032111,S2119417,"262",262.00000000000,"2016","1117052",구로1동,1008158.31902000005,"11530",구로구,"21849"
100037612026E0031b27dc010430f4166,E0032111,S2119417,"268",268.00000000000,"2016","1117064",개봉2동,781957.44478699996,"11530",구로구,"33561"
100037612026E0031b27dc010430f4166,E0032111,S2119417,"269",269.00000000000,"2016","1117065",개봉3동,827818.60974400002,"11530",구로구,"22184"
100037612026E0031b27dc010430f4166,E0032111,S2119417,"271",271.00000000000,"2016","1117068",오류2동,4504714.23794000037,"11530",구로구,"49302"
100037612026E0031b27dc010430f4166,E0032111,S2119417,"274",274.00000000000,"2016","1117071",구로2동,1702108.86743000010,"11530",구로구,"35948"
100037612026E0031b27dc010430f4166,E0032111,S2119417,"275",275.00000000000,"2016","1117072",개봉1동,1318945.18790000002,"11530",구로구,"34446"
100037612026E0031b27dc010430f4166,E0032111,S2119417,"276",276.00000000000,"2016","1118051",가산동,2501939.00565999979,"11545",금천구,"24522"
100037612026E0031b27dc010430f4166,E0032111,S2119417,"277",277.00000000000,"2016","1118052",독산1동,2069530.86562999990,"11545",금천구,"43574"
100037612026E0031b27dc010430f4166,E0032111,S2119417,"281",281.00000000000,"2016","1118057",시흥1동,1522798.84878999996,"11545",금천구,"37144"
100037612026E0031b27dc010430f4166,E0032111,S2119417,"283",283.00000000000,"2016","1118059",시흥3동,1260660.49756999989,"11545",금천구,"11648"
100037709007E0031771da1e3e13e4dd5,E0032111,S2118759,"384",384.00000000000,"2016","1124055",마천1동,574808.66543399997,"11710",송파구,"21004"
100037709006E0031a8a861b05e094e5d,E0032111,S2118759,"406",406.00000000000,"2016","1124082",위례동,2487597.40365000023,"11710",송파구,"28408"
100037709007E0031b88e512c2eb748b8,E0032111,S2111517,"384",384.00000000000,"2016","1124055",마천1동,574808.66543399997,"11710",송파구,"21004"
100037709007E003103a68d039e914064,E0032111,S2111517,"384",384.00000000000,"2016","1124055",마천1동,574808.66543399997,"11710",송파구,"21004"
100037709006E00311bb89af4727a4be7,E0032111,S2111517,"382",382.00000000000,"2016","1124053",거여1동,569700.89056700002,"11710",송파구,"13277"
100037709006E00311bb89af4727a4be7,E0032111,S2111517,"385",385.00000000000,"2016","1124056",마천2동,889992.82092800003,"11710",송파구,"20435"
100037709006E00311bb89af4727a4be7,E0032111,S2111517,"389",389.00000000000,"2016","1124060",오금동,1647586.07692999998,"11710",송파구,"41148"
100037709011E0031bd6d604fc18c47b6,E0032111,S2114746,"355",355.00000000000,"2016","1122066",양재1동,5760999.51078999974,"11650",서초구,"46231"
100037709012E00314449d21503d94a71,E0032111,S2114746,"355",355.00000000000,"2016","1122066",양재1동,5760999.51078999974,"11650",서초구,"46231"
100037709012E0031e108876d9064465f,E0032111,S2113273,"356",356.00000000000,"2016","1122067",양재2동,7556517.27448000014,"11650",서초구,"23382"
100037709011E00311d5b7a857c654d3c,E0032111,S2113273,"355",355.00000000000,"2016","1122066",양재1동,5760999.51078999974,"11650",서초구,"46231"
100037709005E0031a761abbcd8424d72,E0032111,S2113273,"375",375.00000000000,"2016","1123076",세곡동,6362857.31926999893,"11680",강남구,"45180"
100037709005E0031702704f1024d4bb1,E0032111,S2113273,"374",374.00000000000,"2016","1123075",수서동,1625358.09608000005,"11680",강남구,"16187"
100037709005E00316f8f7feb5c864465,E0032111,S2113273,"374",374.00000000000,"2016","1123075",수서동,1625358.09608000005,"11680",강남구,"16187"
100037709005E0031f78b77cbea964a0d,E0032111,S2113273,"395",395.00000000000,"2016","1124066",가락1동,1392151.31614000001,"11710",송파구,"26063"
100037709003E0031365ca4c56de0489f,E0032111,S2116502,"369",369.00000000000,"2016","1123068",개포1동,1448844.66333999997,"11680",강남구,"7076"
100037709003E0031aba3916bef6448a9,E0032111,S2116502,"369",369.00000000000,"2016","1123068",개포1동,1448844.66333999997,"11680",강남구,"7076"
100037709003E0031ec159059218e41c4,E0032111,S2116502,"369",369.00000000000,"2016","1123068",개포1동,1448844.66333999997,"11680",강남구,"7076"
100037709004E00315aacceb7313f471f,E0032111,S2116502,"371",371.00000000000,"2016","1123072",일원본동,2355605.06462999992,"11680",강남구,"24486"
100037709004E0031b95a375eb8284592,E0032111,S2116502,"371",371.00000000000,"2016","1123072",일원본동,2355605.06462999992,"11680",강남구,"24486"
100037709004E00312810bab92a844de7,E0032111,S2116502,"371",371.00000000000,"2016","1123072",일원본동,2355605.06462999992,"11680",강남구,"24486"
100037709013E003137d1ccef8fd54792,E0032111,S2116502,"357",357.00000000000,"2016","1122068",내곡동,12699155.05639999919,"11650",서초구,"18549"
100037709013E003199a548333028459b,E0032111,S2116502,"357",357.00000000000,"2016","1122068",내곡동,12699155.05639999919,"11650",서초구,"18549"
100037709013E003180150d14099f4fec,E0032111,S2116502,"357",357.00000000000,"2016","1122068",내곡동,12699155.05639999919,"11650",서초구,"18549"
100037709013E00311e912b6018a84b87,E0032111,S2116502,"357",357.00000000000,"2016","1122068",내곡동,12699155.05639999919,"11650",서초구,"18549"
100037709013E0031bc33cb1722e747ef,E0032111,S2116502,"357",357.00000000000,"2016","1122068",내곡동,12699155.05639999919,"11650",서초구,"18549"
100037709014E00312c667fc5385241c2,E0032111,S2116502,"357",357.00000000000,"2016","1122068",내곡동,12699155.05639999919,"11650",서초구,"18549"
100037709014E003131f5787942d047f6,E0032111,S2116502,"357",357.00000000000,"2016","1122068",내곡동,12699155.05639999919,"11650",서초구,"18549"
100037709014E00310e9214108a764b1d,E0032111,S2116502,"357",357.00000000000,"2016","1122068",내곡동,12699155.05639999919,"11650",서초구,"18549"
100037709014E0031f2eeb4b4192c4f5d,E0032111,S2116502,"357",357.00000000000,"2016","1122068",내곡동,12699155.05639999919,"11650",서초구,"18549"
100037709023E0031f6ab2eadcef541c0,E0032111,S2116502,"356",356.00000000000,"2016","1122067",양재2동,7556517.27448000014,"11650",서초구,"23382"
100037709024E0031c3ac455d2b6442b1,E0032111,S2119731,"357",357.00000000000,"2016","1122068",내곡동,12699155.05639999919,"11650",서초구,"18549"
100037709003E00310a6cf5d9141444d2,E0032111,S2119731,"369",369.00000000000,"2016","1123068",개포1동,1448844.66333999997,"11680",강남구,"7076"
100037709014E0031c950eb118c8e47b7,E0032111,S2118259,"357",357.00000000000,"2016","1122068",내곡동,12699155.05639999919,"11650",서초구,"18549"
100037709014E003196d5ae96feb44ca0,E0032111,S2112489,"357",357.00000000000,"2016","1122068",내곡동,12699155.05639999919,"11650",서초구,"18549"
100037709023E00318db7b16096a14abb,E0032111,S2112489,"357",357.00000000000,"2016","1122068",내곡동,12699155.05639999919,"11650",서초구,"18549"
100037709023E00317d7437931f1d4916,E0032111,S2112489,"356",356.00000000000,"2016","1122067",양재2동,7556517.27448000014,"11650",서초구,"23382"
100037709014E00314f68acb6958240df,E0032111,S2112489,"357",357.00000000000,"2016","1122068",내곡동,12699155.05639999919,"11650",서초구,"18549"
100037709023E0031b7f43f7ca690490c,E0032111,S2112489,"356",356.00000000000,"2016","1122067",양재2동,7556517.27448000014,"11650",서초구,"23382"
100037709013E00315b9e7733da8c4564,E0032111,S2112489,"357",357.00000000000,"2016","1122068",내곡동,12699155.05639999919,"11650",서초구,"18549"
100037709003E0031c1605e03fad542a4,E0032111,S2115717,"369",369.00000000000,"2016","1123068",개포1동,1448844.66333999997,"11680",강남구,"7076"
100037709011E0031b9b47d2e98274917,E0032111,S2115717,"353",353.00000000000,"2016","1122064",방배3동,2373349.17644000007,"11650",서초구,"22578"
100037709011E0031a689249556ea491b,E0032111,S2115717,"353",353.00000000000,"2016","1122064",방배3동,2373349.17644000007,"11650",서초구,"22578"
100037709005E0031d9fad7cd2db847b3,E0032111,S2115717,"398",398.00000000000,"2016","1124069",문정2동,2240295.42571000010,"11710",송파구,"29926"
100037709001E00317c7580cd9df94780,E0032111,S2114245,"353",353.00000000000,"2016","1122064",방배3동,2373349.17644000007,"11650",서초구,"22578"
100037709011E0031552f587e92bb41ee,E0032111,S2114245,"353",353.00000000000,"2016","1122064",방배3동,2373349.17644000007,"11650",서초구,"22578"
100037709001E00312b921bab9d5f49d2,E0032111,S2114245,"353",353.00000000000,"2016","1122064",방배3동,2373349.17644000007,"11650",서초구,"22578"
100037709011E0031ebec5407c5cc456b,E0032111,S2117474,"353",353.00000000000,"2016","1122064",방배3동,2373349.17644000007,"11650",서초구,"22578"
100037709015E00311a1aceeeb424442c,E0032111,S2116973,"357",357.00000000000,"2016","1122068",내곡동,12699155.05639999919,"11650",서초구,"18549"
100037709015E00311a1aceeeb424442c,E0032111,S2116973,"372",372.00000000000,"2016","1123073",일원1동,952738.19427800004,"11680",강남구,"16652"
100037709015E00311a1aceeeb424442c,E0032111,S2116973,"373",373.00000000000,"2016","1123074",일원2동,1299292.71316999989,"11680",강남구,"18088"
100037709015E00311a1aceeeb424442c,E0032111,S2116973,"374",374.00000000000,"2016","1123075",수서동,1625358.09608000005,"11680",강남구,"16187"
100037709015E00311a1aceeeb424442c,E0032111,S2116973,"375",375.00000000000,"2016","1123076",세곡동,6362857.31926999893,"11680",강남구,"45180"
100037709015E00311a1aceeeb424442c,E0032111,S2116973,"393",393.00000000000,"2016","1124064",삼전동,952604.45929899998,"11710",송파구,"32901"
100037709015E00311a1aceeeb424442c,E0032111,S2116973,"395",395.00000000000,"2016","1124066",가락1동,1392151.31614000001,"11710",송파구,"26063"
100037709015E00311a1aceeeb424442c,E0032111,S2116973,"398",398.00000000000,"2016","1124069",문정2동,2240295.42571000010,"11710",송파구,"29926"
100037709015E00311a1aceeeb424442c,E0032111,S2116973,"405",405.00000000000,"2016","1124081",장지동,1277361.66442999989,"11710",송파구,"34463"
100037709015E00311a1aceeeb424442c,E0032111,S2116973,"406",406.00000000000,"2016","1124082",위례동,2487597.40365000023,"11710",송파구,"28408"
100037709012E00311f385d19246646bc,E0032111,S2112175,"355",355.00000000000,"2016","1122066",양재1동,5760999.51078999974,"11650",서초구,"46231"
100037709012E00311f385d19246646bc,E0032111,S2112175,"356",356.00000000000,"2016","1122067",양재2동,7556517.27448000014,"11650",서초구,"23382"
100037709012E00311f385d19246646bc,E0032111,S2112175,"357",357.00000000000,"2016","1122068",내곡동,12699155.05639999919,"11650",서초구,"18549"
100037709012E00311f385d19246646bc,E0032111,S2112175,"363",363.00000000000,"2016","1123060",대치1동,809204.86970699998,"11680",강남구,"25288"
100037709012E00311f385d19246646bc,E0032111,S2112175,"368",368.00000000000,"2016","1123067",도곡2동,990008.76581300003,"11680",강남구,"34370"
100037709012E00311f385d19246646bc,E0032111,S2112175,"369",369.00000000000,"2016","1123068",개포1동,1448844.66333999997,"11680",강남구,"7076"
100037709012E00311f385d19246646bc,E0032111,S2112175,"370",370.00000000000,"2016","1123071",개포4동,1664191.47069999995,"11680",강남구,"18550"
100037709012E00311f385d19246646bc,E0032111,S2112175,"373",373.00000000000,"2016","1123074",일원2동,1299292.71316999989,"11680",강남구,"18088"
100037709012E00311f385d19246646bc,E0032111,S2112175,"379",379.00000000000,"2016","1123080",개포2동,2241622.26411999995,"11680",강남구,"18188"
100037608063E003192452192a0634691,E0032111,S2119515,"257",257.00000000000,"2016","1116071",방화2동,6153143.02840999980,"11500",강서구,"24354"
100037608057E0031700110e1c85c4eae,E0032111,S2117386,"181",181.00000000000,"2016","1112057",구산동,1388754.75803999999,"11380",은평구,"34024"
100037608063E003190e05958abd8431c,E0032111,S2117514,"257",257.00000000000,"2016","1116071",방화2동,6153143.02840999980,"11500",강서구,"24354"
100037608062E00312bfe3ce0f3434057,E0032111,S2117514,"257",257.00000000000,"2016","1116071",방화2동,6153143.02840999980,"11500",강서구,"24354"
100037608094E0031a73706affea141f4,E0032111,S2117514,"236",236.00000000000,"2016","1115066",신정3동,2754022.85588999977,"11470",양천구,"48729"
100037608072E00312d8e8c5cfd704bc7,E0032111,S2117514,"255",255.00000000000,"2016","1116069",공항동,10864028.35679999925,"11500",강서구,"28527"
100037608063E00311527147e04ad4381,E0032111,S2117514,"257",257.00000000000,"2016","1116071",방화2동,6153143.02840999980,"11500",강서구,"24354"
100037608075E003124cdd06cafe94179,E0032111,S2116041,"218",218.00000000000,"2016","1114074",상암동,8396291.26965999976,"11440",마포구,"33266"
100037608083E00314ea143aa83884648,E0032111,S2116041,"255",255.00000000000,"2016","1116069",공항동,10864028.35679999925,"11500",강서구,"28527"
100037608072E003161dffe7465a74f7f,E0032111,S2116041,"257",257.00000000000,"2016","1116071",방화2동,6153143.02840999980,"11500",강서구,"24354"
100037608075E0031072fc5df1cbb4670,E0032111,S2116041,"252",252.00000000000,"2016","1116065",가양2동,823277.99940500001,"11500",강서구,"15413"
100037608094E0031785d9da73ba64c4c,E0032111,S2116041,"272",272.00000000000,"2016","1117069",수궁동,2659440.39302999992,"11530",구로구,"25181"
100037608057E00315925f5a0ba0b4082,E0032111,S2116041,"181",181.00000000000,"2016","1112057",구산동,1388754.75803999999,"11380",은평구,"34024"
100037608059E00312580cc69551b41ea,E0032111,S2116041,"4",4.00000000000,"2016","1101056",평창동,8941185.14410999976,"11110",종로구,"18820"
100037608059E0031d95e04a229ba40e9,E0032111,S2116041,"3",3.00000000000,"2016","1101055",부암동,2272861.94792000018,"11110",종로구,"10477"
100037608059E0031d95e04a229ba40e9,E0032111,S2116041,"4",4.00000000000,"2016","1101056",평창동,8941185.14410999976,"11110",종로구,"18820"
100037608059E0031d95e04a229ba40e9,E0032111,S2116041,"195",195.00000000000,"2016","1113064",홍제3동,1191622.98043000000,"11410",서대문구,"16538"
100037608059E0031d95e04a229ba40e9,E0032111,S2116041,"197",197.00000000000,"2016","1113066",홍은1동,1613942.53738999995,"11410",서대문구,"22981"
100037608059E0031c3773e06a2454740,E0032111,S2119270,"4",4.00000000000,"2016","1101056",평창동,8941185.14410999976,"11110",종로구,"18820"
100037608080E00310ba281ff21ff4e6e,E0032111,S2119270,"33",33.00000000000,"2016","1103051",후암동,865180.84666599997,"11170",용산구,"18617"
100037608070E0031d976ea5fe9cf4b13,E0032111,S2119270,"126",126.00000000000,"2016","1108081",성북동,2877749.82543999981,"11290",성북구,"17739"
100037608060E00313e2c87ababf24490,E0032111,S2119270,"117",117.00000000000,"2016","1108064",정릉3동,3324279.88791000005,"11290",성북구,"17310"
100037608060E00318e569259b11c4286,E0032111,S2119270,"117",117.00000000000,"2016","1108064",정릉3동,3324279.88791000005,"11290",성북구,"17310"
100037608060E00314f267e69ecbc47d8,E0032111,S2119270,"117",117.00000000000,"2016","1108064",정릉3동,3324279.88791000005,"11290",성북구,"17310"
100037608060E003100ca23a0b74140bb,E0032111,S2119270,"4",4.00000000000,"2016","1101056",평창동,8941185.14410999976,"11110",종로구,"18820"
100037608060E003198a67ccacfd541cd,E0032111,S2119270,"4",4.00000000000,"2016","1101056",평창동,8941185.14410999976,"11110",종로구,"18820"
100037608060E003157072d2d8a0b4e09,E0032111,S2119270,"117",117.00000000000,"2016","1108064",정릉3동,3324279.88791000005,"11290",성북구,"17310"
100037608070E0031c1b864b4482541d4,E0032111,S2119270,"126",126.00000000000,"2016","1108081",성북동,2877749.82543999981,"11290",성북구,"17739"
100037608060E0031f4d33c139cca400f,E0032111,S2119270,"4",4.00000000000,"2016","1101056",평창동,8941185.14410999976,"11110",종로구,"18820"
100037608060E00318578da7a2a484e0d,E0032111,S2119270,"117",117.00000000000,"2016","1108064",정릉3동,3324279.88791000005,"11290",성북구,"17310"
100037608089E003142c47c5b0d4c4c12,E0032111,S2119270,"46",46.00000000000,"2016","1103072",원효로1동,587923.36804900004,"11170",용산구,"16313"
100037608080E0031129a6c4cf29247b6,E0032111,S2119270,"21",21.00000000000,"2016","1102057",필동,1463379.70929999999,"11140",중구,"5088"
100037608077E0031f7d385dfe44a4a8d,E0032111,S2119270,"217",217.00000000000,"2016","1114073",성산2동,1977272.90993000008,"11440",마포구,"41743"
100037608070E00318238bbbe192f4828,E0032111,S2119270,"16",16.00000000000,"2016","1101072",청운효자동,2565649.06283999979,"11110",종로구,"13144"
100037608060E0031e1ad4546759041d4,E0032111,S2119270,"117",117.00000000000,"2016","1108064",정릉3동,3324279.88791000005,"11290",성북구,"17310"
100037608060E0031e1ad4546759041d4,E0032111,S2119270,"118",118.00000000000,"2016","1108065",정릉4동,3568232.35925999982,"11290",성북구,"26995"
100037608059E0031b90f957303e042a5,E0032111,S2119270,"197",197.00000000000,"2016","1113066",홍은1동,1613942.53738999995,"11410",서대문구,"22981"
100037608059E00315779acd26a7f4b38,E0032111,S2113500,"4",4.00000000000,"2016","1101056",평창동,8941185.14410999976,"11110",종로구,"18820"
100037608059E0031140a55413fd64304,E0032111,S2113500,"4",4.00000000000,"2016","1101056",평창동,8941185.14410999976,"11110",종로구,"18820"
100037608060E003168e9bfd2edf94919,E0032111,S2113500,"117",117.00000000000,"2016","1108064",정릉3동,3324279.88791000005,"11290",성북구,"17310"
100037608058E0031d2a68bd9a856473b,E0032111,S2113500,"178",178.00000000000,"2016","1112052",불광1동,3122614.04577000020,"11380",은평구,"41244"
100037608060E0031bfbafc107a0740cd,E0032111,S2113500,"117",117.00000000000,"2016","1108064",정릉3동,3324279.88791000005,"11290",성북구,"17310"
100037608060E00313923d17bb38044ed,E0032111,S2113500,"117",117.00000000000,"2016","1108064",정릉3동,3324279.88791000005,"11290",성북구,"17310"
100037608059E003165537acc9a8d4a1d,E0032111,S2113500,"4",4.00000000000,"2016","1101056",평창동,8941185.14410999976,"11110",종로구,"18820"
100037608059E003170581c2518454935,E0032111,S2113500,"4",4.00000000000,"2016","1101056",평창동,8941185.14410999976,"11110",종로구,"18820"
100037608059E0031d5b13540308c4494,E0032111,S2113500,"4",4.00000000000,"2016","1101056",평창동,8941185.14410999976,"11110",종로구,"18820"
100037608060E0031b53ee4a7142c4090,E0032111,S2113500,"126",126.00000000000,"2016","1108081",성북동,2877749.82543999981,"11290",성북구,"17739"
100037608060E0031ad1b3186f134479a,E0032111,S2113500,"117",117.00000000000,"2016","1108064",정릉3동,3324279.88791000005,"11290",성북구,"17310"
100037608070E00310d93b7eb69be471d,E0032111,S2113500,"8",8.00000000000,"2016","1101061",종로1·2·3·4가동,2415358.50688999984,"11110",종로구,"8500"
100037608078E00311dd9856d455e4bd9,E0032111,S2113500,"205",205.00000000000,"2016","1113075",신촌동,2718348.76817000005,"11410",서대문구,"24249"
100037608080E00313527b49edf274e6f,E0032111,S2113500,"22",22.00000000000,"2016","1102058",장충동,1017129.77752999996,"11140",중구,"5668"
100037608080E0031585de409448f4241,E0032111,S2113500,"21",21.00000000000,"2016","1102057",필동,1463379.70929999999,"11140",중구,"5088"
100037608060E00311107f8c06f3c427d,E0032111,S2113500,"4",4.00000000000,"2016","1101056",평창동,8941185.14410999976,"11110",종로구,"18820"
100037608060E00316bbbf106ccd440f3,E0032111,S2112028,"4",4.00000000000,"2016","1101056",평창동,8941185.14410999976,"11110",종로구,"18820"
100037608070E0031294c5eb289af48b0,E0032111,S2112028,"7",7.00000000000,"2016","1101060",가회동,539550.61486500001,"11110",종로구,"4472"
100037608060E00317c30b8dddfdd409f,E0032111,S2112028,"117",117.00000000000,"2016","1108064",정릉3동,3324279.88791000005,"11290",성북구,"17310"
100037608070E0031deb08aebbb66425f,E0032111,S2112028,"7",7.00000000000,"2016","1101060",가회동,539550.61486500001,"11110",종로구,"4472"
100037608080E0031aea465cc7a5c44f1,E0032111,S2112028,"21",21.00000000000,"2016","1102057",필동,1463379.70929999999,"11140",중구,"5088"
100037608070E0031a92e6387318d466c,E0032111,S2112028,"126",126.00000000000,"2016","1108081",성북동,2877749.82543999981,"11290",성북구,"17739"
100037608080E0031b41a3043a5fb4c30,E0032111,S2112028,"22",22.00000000000,"2016","1102058",장충동,1017129.77752999996,"11140",중구,"5668"
100037608059E0031c70d56afd00343da,E0032111,S2112028,"4",4.00000000000,"2016","1101056",평창동,8941185.14410999976,"11110",종로구,"18820"
100037608059E0031b005c0d166a7418e,E0032111,S2112028,"197",197.00000000000,"2016","1113066",홍은1동,1613942.53738999995,"11410",서대문구,"22981"
100037608059E00315cf95dfe31b546f3,E0032111,S2112028,"4",4.00000000000,"2016","1101056",평창동,8941185.14410999976,"11110",종로구,"18820"
100037608070E0031d2773c0fdf934eff,E0032111,S2112028,"126",126.00000000000,"2016","1108081",성북동,2877749.82543999981,"11290",성북구,"17739"
100037608070E0031e9963c8773e1438b,E0032111,S2112028,"126",126.00000000000,"2016","1108081",성북동,2877749.82543999981,"11290",성북구,"17739"
100037608100E00319110f567fdf54e80,E0032111,S2112028,"318",318.00000000000,"2016","1120073",사당2동,2761137.80009000003,"11590",동작구,"28575"
100037608066E00314eacbf4220b54cbd,E0032111,S2112028,"188",188.00000000000,"2016","1112068",수색동,1290546.17011000006,"11380",은평구,"9303"
100037608080E00317e92d39e3e3442f7,E0032111,S2115257,"8",8.00000000000,"2016","1101061",종로1·2·3·4가동,2415358.50688999984,"11110",종로구,"8500"
100037608080E00317e92d39e3e3442f7,E0032111,S2115257,"20",20.00000000000,"2016","1102055",명동,964881.37604100001,"11140",중구,"3445"
100037608080E00317e92d39e3e3442f7,E0032111,S2115257,"24",24.00000000000,"2016","1102060",을지로동,607614.22566700005,"11140",중구,"1998"
100037608070E003171516a1564714ee7,E0032111,S2115257,"8",8.00000000000,"2016","1101061",종로1·2·3·4가동,2415358.50688999984,"11110",종로구,"8500"
100037608030E0031564e567069f04d07,E0032111,S2112215,"142",142.00000000000,"2016","1109074",우이동,10583023.91239999980,"11305",강북구,"21497"
100037608040E0031d46b4cbb20af4052,E0032111,S2112215,"142",142.00000000000,"2016","1109074",우이동,10583023.91239999980,"11305",강북구,"21497"
100037608047E00313106e57578e44074,E0032111,S2119741,"189",189.00000000000,"2016","1112071",진관동,11556551.00459999964,"11380",은평구,"57618"
100037608048E003160013a915177453b,E0032111,S2119741,"189",189.00000000000,"2016","1112071",진관동,11556551.00459999964,"11380",은평구,"57618"
100037608048E0031e80e51665a4d471a,E0032111,S2119741,"189",189.00000000000,"2016","1112071",진관동,11556551.00459999964,"11380",은평구,"57618"
100037608058E0031bd9ade7a088e4ab2,E0032111,S2119741,"190",190.00000000000,"2016","1112072",불광2동,1395566.43809999991,"11380",은평구,"29726"
100037608040E0031e58429da20ef4f3b,E0032111,S2112499,"142",142.00000000000,"2016","1109074",우이동,10583023.91239999980,"11305",강북구,"21497"
100037608047E00313f3d83cf3fdb47ee,E0032111,S2112499,"189",189.00000000000,"2016","1112071",진관동,11556551.00459999964,"11380",은평구,"57618"
100037608065E00312f04ca849eac476c,E0032111,S2115728,"218",218.00000000000,"2016","1114074",상암동,8396291.26965999976,"11440",마포구,"33266"
100037608060E003115e3015d1118419b,E0032111,S2115728,"118",118.00000000000,"2016","1108065",정릉4동,3568232.35925999982,"11290",성북구,"26995"
100037608086E003152264ad35d734da9,E0032111,S2113470,"290",290.00000000000,"2016","1119062",양평2동,2872496.01232000021,"11560",영등포구,"22934"
100037608080E00312e98670716364329,E0032111,S2116699,"21",21.00000000000,"2016","1102057",필동,1463379.70929999999,"11140",중구,"5088"
100037608068E0031f2b2eeff73d04290,E0032111,S2118927,"195",195.00000000000,"2016","1113064",홍제3동,1191622.98043000000,"11410",서대문구,"16538"
100037608068E0031f2b2eeff73d04290,E0032111,S2118927,"197",197.00000000000,"2016","1113066",홍은1동,1613942.53738999995,"11410",서대문구,"22981"
100037608075E003120aa0f6811b14492,E0032111,S2113628,"36",36.00000000000,"2016","1103057",원효로2동,708639.32785500004,"11170",용산구,"14847"
100037608075E003120aa0f6811b14492,E0032111,S2113628,"39",39.00000000000,"2016","1103063",이촌1동,2870622.19592999993,"11170",용산구,"29215"
100037608075E003120aa0f6811b14492,E0032111,S2113628,"40",40.00000000000,"2016","1103064",이촌2동,1204647.73695999989,"11170",용산구,"9045"
100037608075E003120aa0f6811b14492,E0032111,S2113628,"43",43.00000000000,"2016","1103069",서빙고동,2834180.18791999994,"11170",용산구,"14205"
100037608075E003120aa0f6811b14492,E0032111,S2113628,"183",183.00000000000,"2016","1112059",응암1동,1109043.89709000010,"11380",은평구,"25865"
100037608075E003120aa0f6811b14492,E0032111,S2113628,"188",188.00000000000,"2016","1112068",수색동,1290546.17011000006,"11380",은평구,"9303"
100037608075E003120aa0f6811b14492,E0032111,S2113628,"189",189.00000000000,"2016","1112071",진관동,11556551.00459999964,"11380",은평구,"57618"
100037608075E003120aa0f6811b14492,E0032111,S2113628,"191",191.00000000000,"2016","1112073",응암3동,752210.84725899994,"11380",은평구,"26326"
100037608075E003120aa0f6811b14492,E0032111,S2113628,"198",198.00000000000,"2016","1113068",홍은2동,2073551.26193000004,"11410",서대문구,"28546"
100037608075E003120aa0f6811b14492,E0032111,S2113628,"199",199.00000000000,"2016","1113069",남가좌1동,475186.34235200001,"11410",서대문구,"17122"
100037608075E003120aa0f6811b14492,E0032111,S2113628,"200",200.00000000000,"2016","1113070",남가좌2동,783197.44718599995,"11410",서대문구,"25869"
100037608075E003120aa0f6811b14492,E0032111,S2113628,"201",201.00000000000,"2016","1113071",북가좌1동,577555.00261199998,"11410",서대문구,"19292"
100037608075E003120aa0f6811b14492,E0032111,S2113628,"202",202.00000000000,"2016","1113072",북가좌2동,824260.08848999999,"11410",서대문구,"34134"
100037608075E003120aa0f6811b14492,E0032111,S2113628,"206",206.00000000000,"2016","1113076",연희동,2927007.16594000021,"11410",서대문구,"41093"
100037608075E003120aa0f6811b14492,E0032111,S2113628,"207",207.00000000000,"2016","1114059",용강동,790016.12756000005,"11440",마포구,"22502"
100037608075E003120aa0f6811b14492,E0032111,S2113628,"210",210.00000000000,"2016","1114063",신수동,797275.78043399996,"11440",마포구,"21622"
100037608075E003120aa0f6811b14492,E0032111,S2113628,"212",212.00000000000,"2016","1114068",합정동,1706573.42439000006,"11440",마포구,"19291"
100037608075E003120aa0f6811b14492,E0032111,S2113628,"213",213.00000000000,"2016","1114069",망원1동,1100198.37572999997,"11440",마포구,"22144"
100037608075E003120aa0f6811b14492,E0032111,S2113628,"214",214.00000000000,"2016","1114070",망원2동,675914.91914899996,"11440",마포구,"19472"
100037608075E003120aa0f6811b14492,E0032111,S2113628,"215",215.00000000000,"2016","1114071",연남동,646960.78823599999,"11440",마포구,"17163"
100037608075E003120aa0f6811b14492,E0032111,S2113628,"216",216.00000000000,"2016","1114072",성산1동,858622.68789900001,"11440",마포구,"20397"
100037608075E003120aa0f6811b14492,E0032111,S2113628,"217",217.00000000000,"2016","1114073",성산2동,1977272.90993000008,"11440",마포구,"41743"
100037608075E003120aa0f6811b14492,E0032111,S2113628,"218",218.00000000000,"2016","1114074",상암동,8396291.26965999976,"11440",마포구,"33266"
100037608075E003120aa0f6811b14492,E0032111,S2113628,"219",219.00000000000,"2016","1114075",도화동,624554.68041399994,"11440",마포구,"22699"
100037608075E003120aa0f6811b14492,E0032111,S2113628,"220",220.00000000000,"2016","1114076",서강동,1477339.73944999999,"11440",마포구,"26312"
100037608075E003120aa0f6811b14492,E0032111,S2113628,"223",223.00000000000,"2016","1115051",목1동,1432068.37425000011,"11470",양천구,"32163"
100037608075E003120aa0f6811b14492,E0032111,S2113628,"224",224.00000000000,"2016","1115052",목2동,1020612.14358000003,"11470",양천구,"31545"
100037608075E003120aa0f6811b14492,E0032111,S2113628,"235",235.00000000000,"2016","1115065",신정2동,525516.41510700004,"11470",양천구,"20752"
100037608075E003120aa0f6811b14492,E0032111,S2113628,"237",237.00000000000,"2016","1115069",신정6동,940201.01847300003,"11470",양천구,"25277"
100037608075E003120aa0f6811b14492,E0032111,S2113628,"238",238.00000000000,"2016","1115070",신정7동,1233234.70869000000,"11470",양천구,"30825"
100037608075E003120aa0f6811b14492,E0032111,S2113628,"239",239.00000000000,"2016","1115071",목5동,1765073.34227999998,"11470",양천구,"42929"
100037608075E003120aa0f6811b14492,E0032111,S2113628,"241",241.00000000000,"2016","1116051",염창동,1731595.85248999996,"11500",강서구,"42025"
100037608075E003120aa0f6811b14492,E0032111,S2113628,"251",251.00000000000,"2016","1116064",가양1동,4965780.72051000036,"11500",강서구,"34090"
100037608075E003120aa0f6811b14492,E0032111,S2113628,"252",252.00000000000,"2016","1116065",가양2동,823277.99940500001,"11500",강서구,"15413"
100037608075E003120aa0f6811b14492,E0032111,S2113628,"255",255.00000000000,"2016","1116069",공항동,10864028.35679999925,"11500",강서구,"28527"
100037608075E003120aa0f6811b14492,E0032111,S2113628,"257",257.00000000000,"2016","1116071",방화2동,6153143.02840999980,"11500",강서구,"24354"
100037608075E003120aa0f6811b14492,E0032111,S2113628,"258",258.00000000000,"2016","1116072",방화3동,2557074.10301000020,"11500",강서구,"24673"
100037608075E003120aa0f6811b14492,E0032111,S2113628,"261",261.00000000000,"2016","1117051",신도림동,1391773.03203999996,"11530",구로구,"37492"
100037608075E003120aa0f6811b14492,E0032111,S2113628,"265",265.00000000000,"2016","1117056",구로5동,1011733.38335000002,"11530",구로구,"33800"
100037608075E003120aa0f6811b14492,E0032111,S2113628,"266",266.00000000000,"2016","1117061",고척1동,1150403.11699000001,"11530",구로구,"24427"
100037608075E003120aa0f6811b14492,E0032111,S2113628,"274",274.00000000000,"2016","1117071",구로2동,1702108.86743000010,"11530",구로구,"35948"
100037608075E003120aa0f6811b14492,E0032111,S2113628,"286",286.00000000000,"2016","1119054",여의동,8431315.69558000006,"11560",영등포구,"34479"
100037608075E003120aa0f6811b14492,E0032111,S2113628,"288",288.00000000000,"2016","1119056",당산2동,1579646.52911000000,"11560",영등포구,"36213"
100037608075E003120aa0f6811b14492,E0032111,S2113628,"289",289.00000000000,"2016","1119061",양평1동,974937.70261200005,"11560",영등포구,"18240"
100037608075E003120aa0f6811b14492,E0032111,S2113628,"290",290.00000000000,"2016","1119062",양평2동,2872496.01232000021,"11560",영등포구,"22934"
100037608075E003120aa0f6811b14492,E0032111,S2113628,"299",299.00000000000,"2016","1119072",대림3동,921021.17833799997,"11560",영등포구,"29244"
100037608075E003120aa0f6811b14492,E0032111,S2113628,"302",302.00000000000,"2016","1119075",도림동,585455.54202699999,"11560",영등포구,"21974"
100037608075E003120aa0f6811b14492,E0032111,S2113628,"303",303.00000000000,"2016","1119076",문래동,1784665.03876999998,"11560",영등포구,"32054"
100037608075E003120aa0f6811b14492,E0032111,S2113628,"316",316.00000000000,"2016","1120071",흑석동,1707033.83407999994,"11590",동작구,"35585"
100037608075E003120aa0f6811b14492,E0032111,S2113628,"317",317.00000000000,"2016","1120072",노량진1동,1612248.50328000006,"11590",동작구,"32606"
100037608075E003120aa0f6811b14492,E0032111,S2113628,"318",318.00000000000,"2016","1120073",사당2동,2761137.80009000003,"11590",동작구,"28575"
100037608075E003120aa0f6811b14492,E0032111,S2113628,"345",345.00000000000,"2016","1122056",반포본동,971806.64388600003,"11650",서초구,"12329"
100037608075E003120aa0f6811b14492,E0032111,S2113628,"347",347.00000000000,"2016","1122058",반포2동,1394982.85125000007,"11650",서초구,"16424"
100037608075E003120aa0f6811b14492,E0032111,S2113628,"348",348.00000000000,"2016","1122059",반포3동,1250766.33184999996,"11650",서초구,"20267"
100037705042E00318bfccf0f26fa466d,E0032111,S2112126,"151",151.00000000000,"2016","1110059",창1동,1121318.24685000000,"11320",도봉구,"26576"
100037705041E0031397673b873f14997,E0032111,S2112126,"142",142.00000000000,"2016","1109074",우이동,10583023.91239999980,"11305",강북구,"21497"
100037705041E0031397673b873f14997,E0032111,S2112126,"143",143.00000000000,"2016","1109075",인수동,2992521.11216000002,"11305",강북구,"32962"
100037705041E003160be9e882d324ebe,E0032111,S2115355,"143",143.00000000000,"2016","1109075",인수동,2992521.11216000002,"11305",강북구,"32962"
100037705041E00316d7c10824d904a40,E0032111,S2115355,"142",142.00000000000,"2016","1109074",우이동,10583023.91239999980,"11305",강북구,"21497"
100037705032E00313c049e6f61de49a9,E0032111,S2115355,"147",147.00000000000,"2016","1110054",쌍문4동,554447.23825399997,"11320",도봉구,"19941"
100037705032E00313c049e6f61de49a9,E0032111,S2115355,"150",150.00000000000,"2016","1110057",방학3동,1949549.84883000003,"11320",도봉구,"28964"
100037705032E0031ffbc95ace8624224,E0032111,S2115355,"147",147.00000000000,"2016","1110054",쌍문4동,554447.23825399997,"11320",도봉구,"19941"
100037705031E003104973ca6451143cd,E0032111,S2115355,"150",150.00000000000,"2016","1110057",방학3동,1949549.84883000003,"11320",도봉구,"28964"
100037705042E003141f645174ffd4211,E0032111,S2115355,"151",151.00000000000,"2016","1110059",창1동,1121318.24685000000,"11320",도봉구,"26576"
100037705044E0031b32b5310ce3a458b,E0032111,S2113883,"161",161.00000000000,"2016","1111056",공릉2동,6978672.17429000046,"11350",노원구,"41310"
100037705034E00310014dda5b2ea45c0,E0032111,S2113883,"166",166.00000000000,"2016","1111064",중계4동,1532253.58266999992,"11350",노원구,"21538"
100037705044E00319171a71d14fa4aef,E0032111,S2113883,"161",161.00000000000,"2016","1111056",공릉2동,6978672.17429000046,"11350",노원구,"41310"
100037705043E0031831b2ac770c94d55,E0032111,S2113883,"154",154.00000000000,"2016","1110062",창4동,1139303.04798000003,"11320",도봉구,"28198"
100037705051E0031837f967997ee4715,E0032111,S2117112,"117",117.00000000000,"2016","1108064",정릉3동,3324279.88791000005,"11290",성북구,"17310"
100037705045E0031189dc5d6992d42d4,E0032111,S2117112,"161",161.00000000000,"2016","1111056",공릉2동,6978672.17429000046,"11350",노원구,"41310"
100037705024E0031cabb565c4f69415f,E0032111,S2117112,"173",173.00000000000,"2016","1111076",상계3·4동,5207703.73276999965,"11350",노원구,"26206"
100037705024E0031329f46bafe844efa,E0032111,S2117112,"173",173.00000000000,"2016","1111076",상계3·4동,5207703.73276999965,"11350",노원구,"26206"
100037705051E00314a8b0a23df4846fa,E0032111,S2117112,"117",117.00000000000,"2016","1108064",정릉3동,3324279.88791000005,"11290",성북구,"17310"
100037705023E0031cc94308915bb4c4e,E0032111,S2117112,"167",167.00000000000,"2016","1111065",상계1동,5398482.86476000026,"11350",노원구,"40580"
100037705023E00313da3d64fd69c4f42,E0032111,S2117112,"167",167.00000000000,"2016","1111065",상계1동,5398482.86476000026,"11350",노원구,"40580"
100037705087E0031b4d1aa035ebc4456,E0032111,S2117112,"421",421.00000000000,"2016","1125071",둔촌2동,1549246.05909000011,"11740",강동구,"27964"
100037705052E0031bc9429a0dd264f85,E0032111,S2111341,"133",133.00000000000,"2016","1109062",번3동,1080354.89783999999,"11305",강북구,"18677"
100037705051E003187cc7f2a2bd64446,E0032111,S2111341,"118",118.00000000000,"2016","1108065",정릉4동,3568232.35925999982,"11290",성북구,"26995"
100037705051E0031cf0c75f168554184,E0032111,S2111341,"118",118.00000000000,"2016","1108065",정릉4동,3568232.35925999982,"11290",성북구,"26995"
100037705051E0031cf0c75f168554184,E0032111,S2111341,"137",137.00000000000,"2016","1109069",삼양동,924942.97426399996,"11305",강북구,"26031"
100037705031E0031af5e81cae4cb4062,E0032111,S2111341,"142",142.00000000000,"2016","1109074",우이동,10583023.91239999980,"11305",강북구,"21497"
100037705031E0031afac3e5a0f444c8f,E0032111,S2111341,"142",142.00000000000,"2016","1109074",우이동,10583023.91239999980,"11305",강북구,"21497"
100037705096E00310be9aa9652414daf,E0032111,S2114854,"385",385.00000000000,"2016","1124056",마천2동,889992.82092800003,"11710",송파구,"20435"
100037705087E00311ff42f7f7e374e50,E0032111,S2114854,"421",421.00000000000,"2016","1125071",둔촌2동,1549246.05909000011,"11740",강동구,"27964"
100037705091E003124643becd2104a6e,E0032111,S2114854,"347",347.00000000000,"2016","1122058",반포2동,1394982.85125000007,"11650",서초구,"16424"
100037705087E0031fa5339463f424b8b,E0032111,S2114854,"408",408.00000000000,"2016","1125052",상일동,1812201.88480000012,"11740",강동구,"11113"
100037705061E00317c1377fcbbd848c5,E0032111,S2114854,"14",14.00000000000,"2016","1101070",숭인1동,239215.23541100000,"11110",종로구,"6635"
100037705061E003123496936dd14489c,E0032111,S2114854,"126",126.00000000000,"2016","1108081",성북동,2877749.82543999981,"11290",성북구,"17739"
100037705052E00310cdd0ae9bbea41ee,E0032111,S2114854,"122",122.00000000000,"2016","1108072",월곡2동,1363862.77496000007,"11290",성북구,"20631"
100037705052E0031ef60151ec8034cbd,E0032111,S2114854,"121",121.00000000000,"2016","1108071",월곡1동,801148.43001799996,"11290",성북구,"27703"
100037705052E0031ef60151ec8034cbd,E0032111,S2114854,"129",129.00000000000,"2016","1108084",종암동,1403462.42751999991,"11290",성북구,"42479"
100037705051E00311fd785df729240fb,E0032111,S2114854,"118",118.00000000000,"2016","1108065",정릉4동,3568232.35925999982,"11290",성북구,"26995"
100037705051E0031241d0455c8204288,E0032111,S2118083,"116",116.00000000000,"2016","1108063",정릉2동,1094064.44863000000,"11290",성북구,"24093"
100037705051E0031827ae34851ab4576,E0032111,S2118083,"117",117.00000000000,"2016","1108064",정릉3동,3324279.88791000005,"11290",성북구,"17310"
100037705051E00313cf4e247ac724bf4,E0032111,S2118083,"120",120.00000000000,"2016","1108068",길음2동,587556.42927099997,"11290",성북구,"16272"
100037705051E0031d2fca3e77aa94c75,E0032111,S2118083,"116",116.00000000000,"2016","1108063",정릉2동,1094064.44863000000,"11290",성북구,"24093"
100037705073E00313167ab72c8604272,E0032111,S2118083,"62",62.00000000000,"2016","1104070",용답동,2375333.52698000008,"11200",성동구,"13980"
100037705085E00310af9993d0460445b,E0032111,S2118083,"388",388.00000000000,"2016","1124059",오륜동,3082692.49355999986,"11710",송파구,"18968"
100037705085E0031f1545abbe2464147,E0032111,S2118083,"388",388.00000000000,"2016","1124059",오륜동,3082692.49355999986,"11710",송파구,"18968"
100037705083E003165dcc7e2fc634241,E0032111,S2118083,"79",79.00000000000,"2016","1105066",자양3동,1195503.23081999994,"11215",광진구,"29685"
100037705083E0031ad5266097c764a15,E0032111,S2118083,"80",80.00000000000,"2016","1105067",자양4동,1179121.24447000003,"11215",광진구,"23662"
100037705083E0031fb1872a00a1c41e7,E0032111,S2118083,"80",80.00000000000,"2016","1105067",자양4동,1179121.24447000003,"11215",광진구,"23662"
100037705075E0031aa09caf5357b4427,E0032111,S2118083,"413",413.00000000000,"2016","1125058",암사2동,2172641.80292999977,"11740",강동구,"14628"
100037705075E0031ca07b17f9724429f,E0032111,S2118083,"76",76.00000000000,"2016","1105063",광장동,2391865.96316999989,"11215",광진구,"36171"
100037705075E00316347b8eecaff46bb,E0032111,S2118083,"413",413.00000000000,"2016","1125058",암사2동,2172641.80292999977,"11740",강동구,"14628"
100037705074E003149cd6a78c63044a1,E0032111,S2118083,"71",71.00000000000,"2016","1105058",중곡4동,2311686.83105000015,"11215",광진구,"30792"
100037705074E00316a7053423f2d4e4e,E0032111,S2118083,"71",71.00000000000,"2016","1105058",중곡4동,2311686.83105000015,"11215",광진구,"30792"
100037705074E0031fb6c41d01ddf459b,E0032111,S2118083,"71",71.00000000000,"2016","1105058",중곡4동,2311686.83105000015,"11215",광진구,"30792"
100037705074E00311b142dd8900c4dd4,E0032111,S2118083,"71",71.00000000000,"2016","1105058",중곡4동,2311686.83105000015,"11215",광진구,"30792"
100037705053E003124b16fae00d24d69,E0032111,S2118083,"130",130.00000000000,"2016","1108085",석관동,1703737.28487000009,"11290",성북구,"36448"
100037705074E0031dd0d2aa8afc348c0,E0032111,S2116611,"71",71.00000000000,"2016","1105058",중곡4동,2311686.83105000015,"11215",광진구,"30792"
100037705074E00319abb1c56bfa44a36,E0032111,S2116611,"71",71.00000000000,"2016","1105058",중곡4동,2311686.83105000015,"11215",광진구,"30792"
100037705074E003153cd683fee494a8e,E0032111,S2116611,"71",71.00000000000,"2016","1105058",중곡4동,2311686.83105000015,"11215",광진구,"30792"
100037705074E003198b2c4f1aa9a419a,E0032111,S2116611,"71",71.00000000000,"2016","1105058",중곡4동,2311686.83105000015,"11215",광진구,"30792"
100037705073E0031b527ef4184a743ca,E0032111,S2116611,"62",62.00000000000,"2016","1104070",용답동,2375333.52698000008,"11200",성동구,"13980"
100037705073E0031d88f2520f50443bf,E0032111,S2116611,"62",62.00000000000,"2016","1104070",용답동,2375333.52698000008,"11200",성동구,"13980"
100037705065E00317a80bf20a8764e26,E0032111,S2116611,"109",109.00000000000,"2016","1107072",면목3·8동,1612872.65993000008,"11260",중랑구,"26867"
100037705065E00316f8357541f644e41,E0032111,S2116611,"105",105.00000000000,"2016","1107068",망우3동,961818.50506500003,"11260",중랑구,"18171"
100037705042E0031bbfd2764fd1741b6,E0032111,S2116611,"125",125.00000000000,"2016","1108078",장위3동,649460.56582400005,"11290",성북구,"11811"
100037705042E0031bbfd2764fd1741b6,E0032111,S2116611,"131",131.00000000000,"2016","1109060",번1동,626560.81253899995,"11305",강북구,"19861"
100037705042E0031bbfd2764fd1741b6,E0032111,S2116611,"132",132.00000000000,"2016","1109061",번2동,971647.48875799996,"11305",강북구,"17389"
100037705042E0031bbfd2764fd1741b6,E0032111,S2116611,"133",133.00000000000,"2016","1109062",번3동,1080354.89783999999,"11305",강북구,"18677"
100037705042E0031bbfd2764fd1741b6,E0032111,S2116611,"135",135.00000000000,"2016","1109064",수유2동,593989.03149199998,"11305",강북구,"22142"
100037705042E0031bbfd2764fd1741b6,E0032111,S2116611,"136",136.00000000000,"2016","1109065",수유3동,732269.24205600005,"11305",강북구,"24368"
100037705042E0031bbfd2764fd1741b6,E0032111,S2116611,"142",142.00000000000,"2016","1109074",우이동,10583023.91239999980,"11305",강북구,"21497"
100037705042E0031bbfd2764fd1741b6,E0032111,S2116611,"144",144.00000000000,"2016","1110051",쌍문1동,1174885.66268999991,"11320",도봉구,"22474"
100037705042E0031bbfd2764fd1741b6,E0032111,S2116611,"146",146.00000000000,"2016","1110053",쌍문3동,504423.06320400001,"11320",도봉구,"17388"
100037705042E0031bbfd2764fd1741b6,E0032111,S2116611,"152",152.00000000000,"2016","1110060",창2동,653945.46369700006,"11320",도봉구,"31020"
100037705042E0031bbfd2764fd1741b6,E0032111,S2116611,"153",153.00000000000,"2016","1110061",창3동,654987.47917199996,"11320",도봉구,"14991"
100037705042E0031bbfd2764fd1741b6,E0032111,S2116611,"158",158.00000000000,"2016","1111051",월계1동,1106615.26784999995,"11350",노원구,"24078"
100037705042E0031bbfd2764fd1741b6,E0032111,S2116611,"159",159.00000000000,"2016","1111052",월계2동,2003257.87963999994,"11350",노원구,"26403"
100037705078E003112984aa53b8a4f36,E0032111,S2119840,"407",407.00000000000,"2016","1125051",강일동,3644657.44305999996,"11740",강동구,"32535"
100037705065E003164b0789f9bb04cfb,E0032111,S2119840,"109",109.00000000000,"2016","1107072",면목3·8동,1612872.65993000008,"11260",중랑구,"26867"
100037705065E003199e044c54eff4306,E0032111,S2119840,"109",109.00000000000,"2016","1107072",면목3·8동,1612872.65993000008,"11260",중랑구,"26867"
100037705055E0031096cee2763d2492a,E0032111,S2119840,"110",110.00000000000,"2016","1107073",망우본동,2945831.57796999998,"11260",중랑구,"31536"
100037705087E00312d6ced83cbda4d74,E0032111,S2119840,"407",407.00000000000,"2016","1125051",강일동,3644657.44305999996,"11740",강동구,"32535"
100037705087E00312d6ced83cbda4d74,E0032111,S2119840,"408",408.00000000000,"2016","1125052",상일동,1812201.88480000012,"11740",강동구,"11113"
100037705075E0031bf6e10599d2c4e43,E0032111,S2114040,"8",8.00000000000,"2016","1101061",종로1·2·3·4가동,2415358.50688999984,"11110",종로구,"8500"
100037705075E0031bf6e10599d2c4e43,E0032111,S2114040,"9",9.00000000000,"2016","1101063",종로5·6가동,602712.77920800005,"11110",종로구,"5667"
100037705075E0031bf6e10599d2c4e43,E0032111,S2114040,"11",11.00000000000,"2016","1101067",창신1동,304772.34937600000,"11110",종로구,"6166"
100037705075E0031bf6e10599d2c4e43,E0032111,S2114040,"15",15.00000000000,"2016","1101071",숭인2동,351640.23351400002,"11110",종로구,"10041"
100037705075E0031bf6e10599d2c4e43,E0032111,S2114040,"23",23.00000000000,"2016","1102059",광희동,740335.77995999996,"11140",중구,"6247"
100037705075E0031bf6e10599d2c4e43,E0032111,S2114040,"24",24.00000000000,"2016","1102060",을지로동,607614.22566700005,"11140",중구,"1998"
100037705075E0031bf6e10599d2c4e43,E0032111,S2114040,"26",26.00000000000,"2016","1102067",황학동,328391.11929499998,"11140",중구,"13613"
100037705075E0031bf6e10599d2c4e43,E0032111,S2114040,"28",28.00000000000,"2016","1102069",신당동,534537.82921899995,"11140",중구,"9338"
100037705075E0031bf6e10599d2c4e43,E0032111,S2114040,"43",43.00000000000,"2016","1103069",서빙고동,2834180.18791999994,"11170",용산구,"14205"
100037705075E0031bf6e10599d2c4e43,E0032111,S2114040,"44",44.00000000000,"2016","1103070",보광동,714727.89179999998,"11170",용산구,"16008"
100037705075E0031bf6e10599d2c4e43,E0032111,S2114040,"48",48.00000000000,"2016","1103074",한남동,3029615.06229999987,"11170",용산구,"23663"
100037705075E0031bf6e10599d2c4e43,E0032111,S2114040,"50",50.00000000000,"2016","1104054",마장동,1034489.14454999997,"11200",성동구,"24203"
100037705075E0031bf6e10599d2c4e43,E0032111,S2114040,"51",51.00000000000,"2016","1104055",사근동,1168326.72466999991,"11200",성동구,"13596"
100037705075E0031bf6e10599d2c4e43,E0032111,S2114040,"54",54.00000000000,"2016","1104058",응봉동,553241.66247600003,"11200",성동구,"16268"
100037705075E0031bf6e10599d2c4e43,E0032111,S2114040,"56",56.00000000000,"2016","1104062",금호4가동,834410.21473100001,"11200",성동구,"15346"
100037705075E0031bf6e10599d2c4e43,E0032111,S2114040,"57",57.00000000000,"2016","1104065",성수1가1동,1884441.69384000008,"11200",성동구,"17420"
100037705075E0031bf6e10599d2c4e43,E0032111,S2114040,"58",58.00000000000,"2016","1104066",성수1가2동,929378.32293499995,"11200",성동구,"15374"
100037705075E0031bf6e10599d2c4e43,E0032111,S2114040,"59",59.00000000000,"2016","1104067",성수2가1동,1184061.06994999992,"11200",성동구,"18159"
100037705075E0031bf6e10599d2c4e43,E0032111,S2114040,"61",61.00000000000,"2016","1104069",송정동,681394.65670100006,"11200",성동구,"11632"
100037705075E0031bf6e10599d2c4e43,E0032111,S2114040,"62",62.00000000000,"2016","1104070",용답동,2375333.52698000008,"11200",성동구,"13980"
100037705075E0031bf6e10599d2c4e43,E0032111,S2114040,"63",63.00000000000,"2016","1104071",왕십리도선동,709747.21946099994,"11200",성동구,"27885"
100037705075E0031bf6e10599d2c4e43,E0032111,S2114040,"65",65.00000000000,"2016","1104073",옥수동,1905119.92437999998,"11200",성동구,"27348"
100037705075E0031bf6e10599d2c4e43,E0032111,S2114040,"68",68.00000000000,"2016","1105055",중곡1동,614033.45446899999,"11215",광진구,"16510"
100037705075E0031bf6e10599d2c4e43,E0032111,S2114040,"70",70.00000000000,"2016","1105057",중곡3동,601404.26507800003,"11215",광진구,"17567"
100037705075E0031bf6e10599d2c4e43,E0032111,S2114040,"75",75.00000000000,"2016","1105062",구의3동,1026769.95976999996,"11215",광진구,"30289"
100037705075E0031bf6e10599d2c4e43,E0032111,S2114040,"76",76.00000000000,"2016","1105063",광장동,2391865.96316999989,"11215",광진구,"36171"
100037705075E0031bf6e10599d2c4e43,E0032111,S2114040,"78",78.00000000000,"2016","1105065",자양2동,1656250.13801000011,"11215",광진구,"27221"
100037705075E0031bf6e10599d2c4e43,E0032111,S2114040,"79",79.00000000000,"2016","1105066",자양3동,1195503.23081999994,"11215",광진구,"29685"
100037705075E0031bf6e10599d2c4e43,E0032111,S2114040,"80",80.00000000000,"2016","1105067",자양4동,1179121.24447000003,"11215",광진구,"23662"
100037705075E0031bf6e10599d2c4e43,E0032111,S2114040,"82",82.00000000000,"2016","1106072",휘경1동,521408.70167600003,"11230",동대문구,"15343"
100037705075E0031bf6e10599d2c4e43,E0032111,S2114040,"83",83.00000000000,"2016","1106073",휘경2동,1112757.40776000009,"11230",동대문구,"25178"
100037705075E0031bf6e10599d2c4e43,E0032111,S2114040,"84",84.00000000000,"2016","1106080",청량리동,1203488.91712999996,"11230",동대문구,"22288"
100037705075E0031bf6e10599d2c4e43,E0032111,S2114040,"85",85.00000000000,"2016","1106081",용신동,1617172.28013000009,"11230",동대문구,"32062"
100037705075E0031bf6e10599d2c4e43,E0032111,S2114040,"86",86.00000000000,"2016","1106082",제기동,1180807.89055999997,"11230",동대문구,"27738"
100037705075E0031bf6e10599d2c4e43,E0032111,S2114040,"90",90.00000000000,"2016","1106087",장안1동,1341140.29435999994,"11230",동대문구,"39260"
100037705075E0031bf6e10599d2c4e43,E0032111,S2114040,"91",91.00000000000,"2016","1106088",장안2동,995877.12285399996,"11230",동대문구,"31816"
100037705075E0031bf6e10599d2c4e43,E0032111,S2114040,"92",92.00000000000,"2016","1106089",이문1동,1038797.92504000000,"11230",동대문구,"23215"
100037705075E0031bf6e10599d2c4e43,E0032111,S2114040,"93",93.00000000000,"2016","1106090",이문2동,723357.73456999997,"11230",동대문구,"21376"
100037705075E0031bf6e10599d2c4e43,E0032111,S2114040,"95",95.00000000000,"2016","1107052",면목2동,762536.33783199999,"11260",중랑구,"26260"
100037705075E0031bf6e10599d2c4e43,E0032111,S2114040,"96",96.00000000000,"2016","1107054",면목4동,842818.48075600003,"11260",중랑구,"20370"
100037705075E0031bf6e10599d2c4e43,E0032111,S2114040,"97",97.00000000000,"2016","1107055",면목5동,704395.16565900005,"11260",중랑구,"10003"
100037705075E0031bf6e10599d2c4e43,E0032111,S2114040,"100",100.00000000000,"2016","1107060",상봉2동,676924.87566000002,"11260",중랑구,"19494"
100037705075E0031bf6e10599d2c4e43,E0032111,S2114040,"102",102.00000000000,"2016","1107062",중화2동,1016175.76584000001,"11260",중랑구,"28423"
100037705075E0031bf6e10599d2c4e43,E0032111,S2114040,"103",103.00000000000,"2016","1107064",묵1동,1237485.07183000003,"11260",중랑구,"36120"
100037705075E0031bf6e10599d2c4e43,E0032111,S2114040,"104",104.00000000000,"2016","1107065",묵2동,668690.91177899996,"11260",중랑구,"20138"
100037705075E0031bf6e10599d2c4e43,E0032111,S2114040,"106",106.00000000000,"2016","1107069",신내1동,2604936.64765999978,"11260",중랑구,"41005"
100037705075E0031bf6e10599d2c4e43,E0032111,S2114040,"113",113.00000000000,"2016","1108060",안암동,1378526.73469999991,"11290",성북구,"17392"
100037705075E0031bf6e10599d2c4e43,E0032111,S2114040,"114",114.00000000000,"2016","1108061",보문동,552588.40813600004,"11290",성북구,"16865"
100037705075E0031bf6e10599d2c4e43,E0032111,S2114040,"122",122.00000000000,"2016","1108072",월곡2동,1363862.77496000007,"11290",성북구,"20631"
100037705075E0031bf6e10599d2c4e43,E0032111,S2114040,"127",127.00000000000,"2016","1108082",삼선동,925528.24107200000,"11290",성북구,"26691"
100037705075E0031bf6e10599d2c4e43,E0032111,S2114040,"128",128.00000000000,"2016","1108083",동선동,724409.61581700004,"11290",성북구,"16368"
100037705075E0031bf6e10599d2c4e43,E0032111,S2114040,"129",129.00000000000,"2016","1108084",종암동,1403462.42751999991,"11290",성북구,"42479"
100037705075E0031bf6e10599d2c4e43,E0032111,S2114040,"130",130.00000000000,"2016","1108085",석관동,1703737.28487000009,"11290",성북구,"36448"
100037705075E0031bf6e10599d2c4e43,E0032111,S2114040,"145",145.00000000000,"2016","1110052",쌍문2동,540781.84275700001,"11320",도봉구,"20290"
100037705075E0031bf6e10599d2c4e43,E0032111,S2114040,"147",147.00000000000,"2016","1110054",쌍문4동,554447.23825399997,"11320",도봉구,"19941"
100037705075E0031bf6e10599d2c4e43,E0032111,S2114040,"148",148.00000000000,"2016","1110055",방학1동,1040065.40572000004,"11320",도봉구,"30389"
100037705075E0031bf6e10599d2c4e43,E0032111,S2114040,"150",150.00000000000,"2016","1110057",방학3동,1949549.84883000003,"11320",도봉구,"28964"
100037705075E0031bf6e10599d2c4e43,E0032111,S2114040,"154",154.00000000000,"2016","1110062",창4동,1139303.04798000003,"11320",도봉구,"28198"
100037705075E0031bf6e10599d2c4e43,E0032111,S2114040,"155",155.00000000000,"2016","1110063",창5동,700946.51365500002,"11320",도봉구,"25981"
100037705075E0031bf6e10599d2c4e43,E0032111,S2114040,"156",156.00000000000,"2016","1110064",도봉1동,8445069.85745999962,"11320",도봉구,"22554"
100037705075E0031bf6e10599d2c4e43,E0032111,S2114040,"157",157.00000000000,"2016","1110065",도봉2동,1118179.07691000006,"11320",도봉구,"28854"
100037705075E0031bf6e10599d2c4e43,E0032111,S2114040,"159",159.00000000000,"2016","1111052",월계2동,2003257.87963999994,"11350",노원구,"26403"
100037705075E0031bf6e10599d2c4e43,E0032111,S2114040,"160",160.00000000000,"2016","1111053",월계3동,1167390.26072999998,"11350",노원구,"32185"
100037705075E0031bf6e10599d2c4e43,E0032111,S2114040,"161",161.00000000000,"2016","1111056",공릉2동,6978672.17429000046,"11350",노원구,"41310"
100037705075E0031bf6e10599d2c4e43,E0032111,S2114040,"163",163.00000000000,"2016","1111059",하계2동,499641.03137099999,"11350",노원구,"23600"
100037705075E0031bf6e10599d2c4e43,E0032111,S2114040,"165",165.00000000000,"2016","1111061",중계1동,609001.66566499998,"11350",노원구,"28181"
100037705075E0031bf6e10599d2c4e43,E0032111,S2114040,"166",166.00000000000,"2016","1111064",중계4동,1532253.58266999992,"11350",노원구,"21538"
100037705075E0031bf6e10599d2c4e43,E0032111,S2114040,"167",167.00000000000,"2016","1111065",상계1동,5398482.86476000026,"11350",노원구,"40580"
100037705075E0031bf6e10599d2c4e43,E0032111,S2114040,"168",168.00000000000,"2016","1111066",상계2동,622648.85420399997,"11350",노원구,"21458"
100037705075E0031bf6e10599d2c4e43,E0032111,S2114040,"169",169.00000000000,"2016","1111069",상계5동,906199.05847000005,"11350",노원구,"25922"
100037705075E0031bf6e10599d2c4e43,E0032111,S2114040,"170",170.00000000000,"2016","1111072",상계8동,665840.08087900002,"11350",노원구,"24202"
100037705075E0031bf6e10599d2c4e43,E0032111,S2114040,"172",172.00000000000,"2016","1111074",상계10동,808596.85666199995,"11350",노원구,"16783"
100037705075E0031bf6e10599d2c4e43,E0032111,S2114040,"174",174.00000000000,"2016","1111077",상계6·7동,1449188.34282999998,"11350",노원구,"35043"
100037705075E0031bf6e10599d2c4e43,E0032111,S2114040,"175",175.00000000000,"2016","1111078",중계2·3동,918380.93472300004,"11350",노원구,"37278"
100037705075E0031bf6e10599d2c4e43,E0032111,S2114040,"176",176.00000000000,"2016","1111079",공릉1동,1262292.90228000004,"11350",노원구,"39522"
100037705075E0031bf6e10599d2c4e43,E0032111,S2114040,"344",344.00000000000,"2016","1122055",잠원동,1755541.73768000002,"11650",서초구,"34575"
100037705075E0031bf6e10599d2c4e43,E0032111,S2114040,"347",347.00000000000,"2016","1122058",반포2동,1394982.85125000007,"11650",서초구,"16424"
100037705075E0031bf6e10599d2c4e43,E0032111,S2114040,"348",348.00000000000,"2016","1122059",반포3동,1250766.33184999996,"11650",서초구,"20267"
100037705075E0031bf6e10599d2c4e43,E0032111,S2114040,"358",358.00000000000,"2016","1123051",신사동,2057678.10498000006,"11680",강남구,"17651"
100037705075E0031bf6e10599d2c4e43,E0032111,S2114040,"361",361.00000000000,"2016","1123058",삼성1동,1943143.82480999990,"11680",강남구,"15058"
100037705075E0031bf6e10599d2c4e43,E0032111,S2114040,"373",373.00000000000,"2016","1123074",일원2동,1299292.71316999989,"11680",강남구,"18088"
100037705075E0031bf6e10599d2c4e43,E0032111,S2114040,"376",376.00000000000,"2016","1123077",압구정동,2343278.14161999989,"11680",강남구,"27865"
100037705075E0031bf6e10599d2c4e43,E0032111,S2114040,"377",377.00000000000,"2016","1123078",청담동,2327442.69121999992,"11680",강남구,"30165"
100037705075E0031bf6e10599d2c4e43,E0032111,S2114040,"378",378.00000000000,"2016","1123079",대치2동,1835962.28942000004,"11680",강남구,"38994"
100037705075E0031bf6e10599d2c4e43,E0032111,S2114040,"380",380.00000000000,"2016","1124051",풍납1동,1074461.43744000001,"11710",송파구,"15825"
100037705075E0031bf6e10599d2c4e43,E0032111,S2114040,"381",381.00000000000,"2016","1124052",풍납2동,2562573.27869000006,"11710",송파구,"24881"
100037705075E0031bf6e10599d2c4e43,E0032111,S2114040,"388",388.00000000000,"2016","1124059",오륜동,3082692.49355999986,"11710",송파구,"18968"
100037705075E0031bf6e10599d2c4e43,E0032111,S2114040,"389",389.00000000000,"2016","1124060",오금동,1647586.07692999998,"11710",송파구,"41148"
100037705075E0031bf6e10599d2c4e43,E0032111,S2114040,"393",393.00000000000,"2016","1124064",삼전동,952604.45929899998,"11710",송파구,"32901"
100037705075E0031bf6e10599d2c4e43,E0032111,S2114040,"399",399.00000000000,"2016","1124071",잠실본동,1028207.00960999995,"11710",송파구,"29675"
100037705075E0031bf6e10599d2c4e43,E0032111,S2114040,"400",400.00000000000,"2016","1124075",잠실4동,779600.74913400004,"11710",송파구,"23856"
100037705075E0031bf6e10599d2c4e43,E0032111,S2114040,"401",401.00000000000,"2016","1124077",잠실6동,1506837.89932999993,"11710",송파구,"17471"
100037705075E0031bf6e10599d2c4e43,E0032111,S2114040,"402",402.00000000000,"2016","1124078",잠실7동,722932.04989599995,"11710",송파구,"10258"
100037705075E0031bf6e10599d2c4e43,E0032111,S2114040,"403",403.00000000000,"2016","1124079",잠실2동,2684789.07483999990,"11710",송파구,"36817"
100037705075E0031bf6e10599d2c4e43,E0032111,S2114040,"404",404.00000000000,"2016","1124080",잠실3동,1541455.01105999993,"11710",송파구,"36262"
100037705075E0031bf6e10599d2c4e43,E0032111,S2114040,"407",407.00000000000,"2016","1125051",강일동,3644657.44305999996,"11740",강동구,"32535"
100037705075E0031bf6e10599d2c4e43,E0032111,S2114040,"411",411.00000000000,"2016","1125055",고덕1동,1517309.45371000003,"11740",강동구,"27405"
100037705075E0031bf6e10599d2c4e43,E0032111,S2114040,"412",412.00000000000,"2016","1125056",고덕2동,2205058.30507999985,"11740",강동구,"7349"
100037705075E0031bf6e10599d2c4e43,E0032111,S2114040,"413",413.00000000000,"2016","1125058",암사2동,2172641.80292999977,"11740",강동구,"14628"
100037705075E0031bf6e10599d2c4e43,E0032111,S2114040,"414",414.00000000000,"2016","1125059",암사3동,1797967.32985000010,"11740",강동구,"18948"
100037705075E0031bf6e10599d2c4e43,E0032111,S2114040,"423",423.00000000000,"2016","1125073",천호2동,1849418.88164000004,"11740",강동구,"36203"
100037705051E003143098cbcb5294b77,E0032111,S2117269,"116",116.00000000000,"2016","1108063",정릉2동,1094064.44863000000,"11290",성북구,"24093"
100037705051E003143098cbcb5294b77,E0032111,S2117269,"117",117.00000000000,"2016","1108064",정릉3동,3324279.88791000005,"11290",성북구,"17310"
100037705051E003143098cbcb5294b77,E0032111,S2117269,"118",118.00000000000,"2016","1108065",정릉4동,3568232.35925999982,"11290",성북구,"26995"
